{
  "camera_alignment": {
    "source_camera": "FaceCam",
    "target_camera": "ZED2i",
    "image_size": {
      "width": 1920,
      "height": 1080
    }
  },
  "undistortion": {
    "camera_matrix": [
      [
        730.3624554276643,
        0.0,
        959.5
      ],
      [
        0.0,
        261.0248037492491,
        539.5
      ],
      [
        0.0,
        0.0,
        1.0
      ]
    ],
    "distortion_coefficients": [
      [
        -0.015373504545811992,
        3.69558077204343e-05,
        -0.0027967368094460173,
        -0.001214958595109288,
        -1.2761054892687813e-08,
        0.1379529965800743,
        -9.57616658073503e-05,
        -2.6096207228929905e-07,
        0.0,
        0.0,
        0.0,
        0.0,
        0.0,
        0.0
      ]
    ]
  },
  "rectification": {
    "rectification_matrix": [
      [
        0.4218583669438917,
        -0.2729835318708772,
        -0.8645897926570348
      ],
      [
        -0.1645550779590152,
        0.9147064920324792,
        -0.36909844181673035
      ],
      [
        0.8916036925435735,
        0.29797990663958807,
        0.34095576059325805
      ]
    ],
    "projection_matrix": [
      [
        -4.24539200734607,
        0.0,
        736.7648115158081,
        0.0
      ],
      [
        0.0,
        -4.24539200734607,
        964.054630279541,
        0.0
      ],
      [
        0.0,
        0.0,
        1.0,
        0.0
      ]
    ]
  },
  "transformation": {
    "homography_matrix": [
      [
        0.4218583669438917,
        -0.2729835318708772,
        -0.8645897926570348
      ],
      [
        -0.1645550779590152,
        0.9147064920324792,
        -0.36909844181673035
      ],
      [
        0.8916036925435735,
        0.29797990663958807,
        0.34095576059325805
      ]
    ],
    "combined_transform": [
      [
        308.10951272384534,
        -71.25547283337261,
        256.63389784566886
      ],
      [
        -120.18485079123705,
        238.76108257094197,
        335.22445670803074
      ],
      [
        651.1938621544966,
        77.78014665181804,
        1016.5948583882098
      ]
    ]
  },
  "touchdesigner_params": {
    "scale_x": 1.0,
    "scale_y": 1.0,
    "translate_x": 0.0,
    "translate_y": 0.0,
    "rotation_angle": 0.0
  }
}